term,definition,strand
Delegation,Assigning tasks to yearbook staff members based on their strengths to ensure efficient work.,Leadership
Team Motivation,Inspiring yearbook staff to stay enthusiastic and meet deadlines through encouragement and recognition.,Leadership
Conflict Resolution,Addressing disagreements among staff, like disputes over photo choices, calmly and fairly.,Leadership
Vision Setting,Creating a clear theme or goal for the yearbook, like "Memories in Motion," to guide the team.,Leadership
Decision Making,Choosing layouts, photos, or captions that best represent the school year under tight deadlines.,Leadership
Collaboration,Working with staff, photographers, and advisors to produce a cohesive yearbook.,Leadership
Role Modeling,Setting a positive example for staff by being punctual, organized, and dedicated.,Leadership
Feedback Delivery,Giving constructive advice to staff, like suggesting better captions, to improve their work.,Leadership
Active Listening,Paying close attention to staff ideas or concerns, like layout suggestions, to build trust.,Communication
Clear Instructions,Providing specific directions, like how to format captions, to avoid confusion among staff.,Communication
Stakeholder Communication,Talking with teachers, parents, or printers about yearbook needs, like order deadlines.,Communication
Presentation Skills,Explaining yearbook plans or progress to advisors or school staff confidently.,Communication
Professional Email,Writing formal emails to vendors or advisors, like requesting photo submissions, with proper tone.,Communication
Meeting Facilitation,Leading staff meetings to discuss progress, assign tasks, and keep everyone on track.,Communication
Persuasive Communication,Convincing classmates to submit photos or stories for the yearbook enthusiastically.,Communication
Deadline Management,Tracking and meeting due dates for photo submissions, layouts, and printing.,Organization
Task Prioritization,Focusing on urgent tasks, like final edits, before less critical ones, like cover design.,Organization
Budget Management,Planning expenses for printing, software, or events within the yearbook’s allocated funds.,Organization
Content Organization,Arranging photos, captions, and stories logically in the yearbook, like by event or club.,Organization
File Management,Keeping digital files like photos and layouts organized in folders for easy access.,Organization
Time Management,Balancing yearbook tasks with schoolwork to meet deadlines without stress.,Organization
Schedule Creation,Making a timeline for yearbook milestones, like draft reviews or final submission.,Organization
Layout Design,Arranging photos, text, and graphics on yearbook pages for a visually appealing look.,Creativity
Theme Development,Choosing a yearbook theme, like "Through the Years," that ties all pages together.,Creativity
Photo Selection,Picking high-quality, meaningful photos that capture school events and spirit.,Creativity
Caption Writing,Crafting short, engaging descriptions for photos that tell the story of the moment.,Creativity
Typography,Selecting fonts that match the yearbook’s theme and are easy to read.,Creativity
Color Scheme,Choosing colors for pages or covers that reflect the school’s spirit or theme.,Creativity
Storytelling,Creating yearbook sections that narrate the school year, like sports or prom highlights.,Creativity
Creative Problem Solving,Finding solutions, like redesigning a page to fit more photos, under constraints.,Creativity
Work Ethic,Showing dedication by working extra hours to meet yearbook deadlines.,Work Ethic
Reliability,Consistently completing tasks, like editing pages, on time and to a high standard.,Work Ethic
Attention to Detail,Spotting errors in captions or layouts to ensure a polished yearbook.,Work Ethic
Stress Management,Staying calm when facing tight deadlines or last-minute changes to the yearbook.,Work Ethic
Initiative,Taking on extra tasks, like organizing a photo day, without being asked.,Work Ethic
Accountability,Taking responsibility for mistakes, like a misprinted page, and fixing them promptly.,Work Ethic
Perseverance,Continuing to work on the yearbook despite challenges, like software issues.,Work Ethic
Role-Play Interview,Practicing as an editor in mock scenarios, like assigning tasks or resolving staff conflicts.,Selection Process
Behavioral Questions,Interview questions about past experiences, like "Describe a time you led a group project.",Selection Process
Situational Questions,Interview questions about hypothetical scenarios, like "How would you handle a missed deadline?",Selection Process
Portfolio,A collection of past work, like sample layouts or photos, to show your yearbook skills.,Selection Process
Leadership Assessment,Evaluating a candidate’s ability to guide and motivate the yearbook team during interviews.,Selection Process
Communication Evaluation,Checking how clearly a candidate explains ideas or responds to questions in an interview.,Selection Process
Design Skills Test,A task, like creating a sample layout, to assess a candidate’s creativity and technical ability.,Selection Process
Software Training,Learning tools like Adobe InDesign or Canva to create yearbook layouts and designs.,Support and Growth
Mentorship,Receiving guidance from advisors or past editors to improve yearbook skills.,Support and Growth
Team Building,Organizing activities, like a staff pizza party, to strengthen yearbook team bonds.,Support and Growth
Feedback Reflection,Using constructive criticism from advisors to improve layouts or leadership skills.,Support and Growth
Skill Workshops,Attending sessions on design, photography, or writing to enhance yearbook contributions.,Support and Growth
Success Celebration,Recognizing achievements, like completing the yearbook, with awards or a team party.,Support and Growth
Challenge Learning,Analyzing mistakes, like a layout error, to improve future yearbook work.,Support and Growth